Date,Station,Showalter,SWEAT,K,TotalsTotals,CAPE,BulkRichardsonNumber,TempK
12Z 01 Jan 2015,72274,16.39,101.98,3.20,28.70,2.02,0.01,0.01,269.65
12Z 02 Jan 2015,72274,8.63,42.00,11.50,44.60,0.00,0.00,0.00,270.40
12Z 03 Jan 2015,72274,14.28,56.00,-2.10,31.40,0.00,0.00,0.00,267.35
12Z 04 Jan 2015,72274,10.67,32.98,-6.70,33.80,0.00,0.00,0.00,267.37
12Z 05 Jan 2015,72274,12.30,46.00,-15.30,20.00,0.00,0.00,0.00,263.78
12Z 06 Jan 2015,72274,14.41,48.99,-31.90,17.60,0.00,0.00,0.00,263.51
12Z 07 Jan 2015,72274,13.75,30.98,-6.70,18.60,0.00,0.00,0.00,261.85
12Z 08 Jan 2015,72274,5.83,62.00,25.80,41.20,0.00,0.00,0.00,271.38
12Z 09 Jan 2015,72274,2.73,77.99,25.90,46.80,0.00,0.00,0.00,278.88
12Z 10 Jan 2015,72274,4.79,62.60,24.60,43.80,0.00,0.00,0.00,273.12
12Z 11 Jan 2015,72274,3.90,95.58,27.60,45.20,0.33,0.01,0.01,276.96
12Z 12 Jan 2015,72274,0.57,141.80,32.60,52.50,5.12,0.08,0.17,280.48
12Z 13 Jan 2015,72274,1.20,135.41,31.90,50.20,22.10,0.31,0.43,280.54
12Z 14 Jan 2015,72274,4.07,100.41,14.70,47.40,106.23,1.15,1.67,280.75
12Z 15 Jan 2015,72274,12.71,75.99,-6.70,30.60,0.00,0.00,0.00,272.32
12Z 16 Jan 2015,72274,13.28,52.02,-21.70,26.20,0.00,0.00,0.00,263.36
12Z 17 Jan 2015,72274,10.47,20.98,-16.30,32.60,0.00,0.00,0.00,267.61
12Z 18 Jan 2015,72274,9.23,28.98,8.70,34.80,0.00,0.00,0.00,268.53
12Z 19 Jan 2015,72274,6.80,35.99,3.10,39.20,0.00,0.00,0.00,269.93
12Z 20 Jan 2015,72274,11.63,59.01,-5.90,27.80,0.00,0.00,0.00,270.70
12Z 21 Jan 2015,72274,2.09,54.99,11.30,48.40,0.00,0.00,0.00,264.49
12Z 22 Jan 2015,72274,5.00,48.00,-7.70,45.80,0.00,0.00,0.00,264.36
12Z 23 Jan 2015,72274,16.45,70.01,-37.10,23.80,0.00,0.00,0.00,264.85
12Z 24 Jan 2015,72274,11.08,45.01,-11.70,25.60,0.00,0.00,0.00,255.97
12Z 25 Jan 2015,72274,14.16,63.01,-25.90,16.60,0.00,0.00,0.00,254.42
12Z 26 Jan 2015,72274,8.57,58.00,19.00,35.60,0.00,0.00,0.00,264.51
12Z 27 Jan 2015,72274,4.95,108.59,27.40,41.60,0.00,0.00,0.00,275.85
12Z 28 Jan 2015,72274,2.55,137.80,7.70,45.00,0.00,0.00,0.00,282.22
12Z 29 Jan 2015,72274,7.30,52.40,-2.50,37.60,0.00,0.00,0.00,281.00
12Z 30 Jan 2015,72274,2.29,328.21,32.40,45.00,0.00,0.00,0.00,283.44
12Z 02 Feb 2015,72274,4.46,36.99,7.10,44.80,0.00,0.00,0.00,278.49
12Z 03 Feb 2015,72274,4.83,21.39,15.90,43.40,0.00,0.00,0.00,279.06
12Z 04 Feb 2015,72274,7.67,40.00,6.90,37.80,0.00,0.00,0.00,274.79
12Z 05 Feb 2015,72274,10.15,18.98,-17.90,32.40,0.00,0.00,0.00,272.43
12Z 06 Feb 2015,72274,6.86,40.00,-7.30,38.00,0.00,0.00,0.00,269.11
12Z 07 Feb 2015,72274,7.72,40.00,-17.10,37.00,0.00,0.00,0.00,271.87
12Z 08 Feb 2015,72274,16.57,67.02,-29.30,15.60,0.00,0.00,0.00,268.11
12Z 09 Feb 2015,72274,7.40,58.19,-15.70,37.40,0.00,0.00,0.00,272.20
12Z 10 Feb 2015,72274,6.22,40.99,-12.10,39.80,0.00,0.00,0.00,274.57
12Z 11 Feb 2015,72274,5.17,44.00,-21.10,42.80,0.00,0.00,0.00,271.79
12Z 12 Feb 2015,72274,11.39,140.99,-2.30,31.40,0.00,0.00,0.00,268.89
12Z 13 Feb 2015,72274,10.25,88.99,2.90,33.80,0.00,0.00,0.00,268.83
12Z 14 Feb 2015,72274,5.67,66.19,19.70,41.20,0.00,0.00,0.00,273.25
12Z 15 Feb 2015,72274,2.23,72.39,29.60,47.40,0.00,0.00,0.00,278.43
12Z 16 Feb 2015,72274,-0.78,192.40,25.90,52.40,34.76,0.88,2.06,282.75
12Z 17 Feb 2015,72274,6.51,124.18,7.50,39.80,0.00,0.00,0.00,280.57
12Z 18 Feb 2015,72274,12.93,31.00,-5.10,26.40,0.00,0.00,0.00,268.24
12Z 20 Feb 2015,72274,9.62,63.00,-11.90,33.00,0.00,0.00,0.00,265.07
12Z 21 Feb 2015,72274,6.36,59.98,4.90,40.60,0.00,0.00,0.00,272.24
12Z 22 Feb 2015,72274,2.33,265.08,21.90,48.00,0.00,0.00,0.00,276.10
12Z 23 Feb 2015,72274,4.21,145.39,19.50,44.60,0.00,0.00,0.00,276.72
12Z 24 Feb 2015,72274,7.59,185.00,19.40,38.30,70.90,0.26,0.31,280.44
12Z 25 Feb 2015,72274,12.98,54.99,-15.50,31.00,0.00,0.00,0.00,270.67
12Z 26 Feb 2015,72274,8.35,57.01,12.30,37.60,0.00,0.00,0.00,267.59
12Z 27 Feb 2015,72274,7.76,60.98,4.30,37.80,0.00,0.00,0.00,262.99
12Z 28 Feb 2015,72274,4.87,307.35,19.30,44.00,0.00,0.00,0.00,274.54
12Z 01Mar2015,72274,3.23,131.00,26.90,46.40,1.37,0.01,0.01,276.75
12Z 02Mar2015,72274,4.11,273.72,2.10,44.00,13.22,0.11,0.15,278.27
12Z 03Mar2015,72274,3.72,100.98,12.30,47.80,0.91,0.00,0.00,277.39
12Z 04Mar2015,72274,1.75,113.00,26.70,52.80,4.55,0.19,0.29,274.36
12Z 05Mar2015,72274,6.21,27.99,-22.70,43.60,0.00,0.00,0.00,271.30
12Z 06Mar2015,72274,10.08,49.01,-29.10,31.20,0.00,0.00,0.00,258.27
12Z 07Mar2015,72274,1.79,78.01,21.30,49.60,0.00,0.00,0.00,267.07
12Z 08Mar2015,72274,-0.15,114.01,28.10,53.60,0.00,0.00,0.00,271.29
12Z 09Mar2015,72274,5.76,54.99,14.90,41.20,0.00,0.00,0.00,267.64
12Z 10Mar2015,72274,4.06,44.99,13.70,44.40,0.00,0.00,0.00,264.95
12Z 11Mar2015,72274,7.64,34.01,5.70,35.80,0.00,0.00,0.00,263.48
12Z 13Mar2015,72274,-0.03,116.79,29.50,53.00,0.00,0.00,0.00,272.55
12Z 14Mar2015,72274,2.38,75.99,19.70,48.20,0.00,0.00,0.00,267.48
12Z 15Mar2015,72274,13.32,96.99,6.90,26.60,0.00,0.00,0.00,265.89
12Z 16Mar2015,72274,7.07,56.99,14.30,38.80,0.00,0.00,0.00,263.85
12Z 17Mar2015,72274,3.48,89.21,28.30,44.20,0.00,0.00,0.00,275.75
12Z 18Mar2015,72274,2.62,65.19,27.50,46.80,9.70,1.00,1.14,276.43
12Z 19Mar2015,72274,0.91,131.21,32.00,50.40,139.69,6.03,7.56,280.89
12Z 20Mar2015,72274,-0.10,148.60,31.70,53.20,4.58,4.23,5.46,279.35
12Z 21Mar2015,72274,0.02,139.21,29.70,52.20,36.12,2.42,4.58,278.21
12Z 22Mar2015,72274,6.00,35.00,15.10,40.80,0.00,0.00,0.00,272.72
12Z 23Mar2015,72274,8.20,60.99,-21.90,35.60,0.00,0.00,0.00,269.22
12Z 24Mar2015,72274,10.55,41.01,-12.30,28.20,0.00,0.00,0.00,262.10
12Z 25Mar2015,72274,7.36,55.01,7.90,38.20,0.00,0.00,0.00,267.03
12Z 26Mar2015,72274,4.89,28.01,7.70,42.60,0.00,0.00,0.00,267.18
12Z 27Mar2015,72274,5.42,23.99,-8.10,40.20,0.00,0.00,0.00,263.41
12Z 28Mar2015,72274,6.69,38.00,-14.70,36.00,0.00,0.00,0.00,263.26
12Z 29Mar2015,72274,4.77,49.01,4.50,39.20,0.00,0.00,0.00,262.02
12Z 30Mar2015,72274,1.30,34.98,17.30,48.80,0.00,0.00,0.00,265.72
12Z 01Apr2015,72274,3.15,66.60,23.50,45.40,0.00,0.00,0.00,277.51
12Z 02Apr2015,72274,13.05,69.02,-29.70,22.80,0.00,0.00,0.00,256.80
12Z 03Apr2015,72274,11.44,56.00,-20.50,28.20,0.00,0.00,0.00,264.20
12Z 04Apr2015,72274,8.13,50.99,-26.50,35.40,0.00,0.00,0.00,263.18
12Z 05Apr2015,72274,12.51,54.99,-18.70,26.40,0.00,0.00,0.00,261.65
12Z 06Apr2015,72274,11.37,67.00,-6.10,26.00,0.00,0.00,0.00,250.78
12Z 07Apr2015,72274,11.64,54.99,-21.10,25.80,0.00,0.00,0.00,256.87
12Z 08Apr2015,72274,8.41,62.98,17.90,36.40,0.00,0.00,0.00,261.73
12Z 09Apr2015,72274,11.19,56.99,-13.10,31.80,0.00,0.00,0.00,266.12
12Z 10Apr2015,72274,10.53,53.98,-12.10,30.40,0.00,0.00,0.00,260.94
12Z 11Apr2015,72274,6.40,51.01,14.50,40.00,0.00,0.00,0.00,266.40
12Z 12Apr2015,72274,0.35,138.39,33.30,50.20,187.79,12.88,15.26,280.40
12Z 13Apr2015,72274,-0.43,195.01,10.70,51.20,0.00,0.00,0.00,280.23
12Z 14Apr2015,72274,3.22,48.99,19.90,46.00,0.00,0.00,0.00,271.68
12Z 15Apr2015,72274,4.63,77.99,16.10,41.80,0.00,0.00,0.00,266.50
12Z 16Apr2015,72274,12.01,79.99,-24.30,27.20,0.00,0.00,0.00,251.66
12Z 17Apr2015,72274,7.76,58.99,1.10,36.80,0.00,0.00,0.00,255.70
12Z 18Apr2015,72274,6.82,40.02,12.50,38.20,0.00,0.00,0.00,261.52
12Z 19Apr2015,72274,4.34,51.01,10.10,43.00,0.00,0.00,0.00,263.71
12Z 20Apr2015,72274,3.90,21.99,8.90,43.60,0.00,0.00,0.00,262.41
12Z 21Apr2015,72274,4.41,50.00,14.50,43.40,0.00,0.00,0.00,265.13
12Z 22Apr2015,72274,4.41,50.00,4.50,44.20,0.00,0.00,0.00,268.37
12Z 23Apr2015,72274,1.61,67.98,24.90,49.80,0.00,0.00,0.00,271.49
12Z 24Apr2015,72274,0.88,126.41,23.90,52.40,8.58,0.39,0.55,275.02
12Z 25Apr2015,72274,6.39,44.80,10.10,41.40,0.00,0.00,0.00,272.49
12Z 26Apr2015,72274,-1.44,291.99,33.90,57.40,295.38,4.04,4.32,279.68
12Z 27Apr2015,72274,3.76,53.39,26.50,46.20,0.00,0.00,0.00,274.91
12Z 28Apr2015,72274,3.18,52.00,23.10,46.20,0.00,0.00,0.00,272.03

12Z 29Apr2015,72274,7.07,66.01,12.70,38.40,0.00,0.00,0.00,266.40

12Z 30Apr2015,72274,8.11,46.02,6.30,33.20,0.00,0.00,0.00,259.79

12Z 01May2015,72274,6.19,18.01,5.10,38.60,0.00,0.00,0.00,264.29

12Z 02May2015,72274,1.01,62.40,15.90,49.40,0.00,0.00,0.00,270.52

12Z 03May2015,72274,-2.21,226.21,15.10,55.00,33.07,0.95,1.52,275.78

12Z 04May2015,72274,-2.16,233.81,36.80,52.40,394.01,5.66,7.30,282.79

12Z 05May2015,72274,-0.11,147.99,23.50,51.00,33.47,0.53,1.00,280.55

12Z 06May2015,72274,4.22,88.78,29.80,43.40,3.41,0.00,0.12,277.88

12Z 07May2015,72274,6.66,186.37,0.70,39.80,0.00,0.00,0.00,272.91

12Z 08May2015,72274,1.46,244.92,11.10,49.00,0.00,0.00,0.00,277.68

12Z 09May2015,72274,4.94,108.40,20.90,45.40,0.00,0.00,0.00,272.47

12Z 10May2015,72274,6.27,25.99,13.50,41.40,0.00,0.00,0.00,267.39

12Z 11May2015,72274,7.29,23.99,9.50,37.80,0.00,0.00,0.00,268.65

12Z 12May2015,72274,5.54,42.99,15.30,40.80,0.00,0.00,0.00,267.65

12Z 13May2015,72274,2.22,96.19,26.50,47.80,0.00,0.00,0.00,276.34

12Z 14May2015,72274,1.64,244.14,24.70,47.60,7.62,0.09,0.21,279.37

12Z 15May2015,72274,3.33,118.80,11.90,47.00,0.00,0.00,0.00,273.29

12Z 16May2015,72274,-0.54,251.00,33.50,54.50,180.41,1.52,1.84,280.17

12Z 17May2015,72274,4.73,39.59,-8.30,43.80,0.00,0.00,0.00,273.60

12Z 18May2015,72274,5.68,40.40,2.70,41.00,0.00,0.00,0.00,271.11

12Z 19May2015,72274,14.36,65.00,-13.70,24.00,0.00,0.00,0.00,259.19

12Z 20May2015,72274,8.84,43.98,1.10,34.80,0.00,0.00,0.00,268.70

12Z 21May2015,72274,6.55,73.00,-16.90,39.00,0.00,0.00,0.00,270.95

12Z 22May2015,72274,9.12,71.99,2.30,35.20,0.00,0.00,0.00,267.02

12Z 23May2015,72274,5.53,42.99,5.70,43.20,0.00,0.00,0.00,271.67

12Z 24May2015,72274,6.28,43.00,10.30,40.60,0.00,0.00,0.00,272.62

12Z 25May2015,72274,5.64,60.21,13.10,41.00,0.00,0.00,0.00,274.97

12Z 26May2015,72274,6.17,55.59,17.10,39.60,0.00,0.00,0.00,272.60

12Z 27May2015,72274,6.19,42.80,-2.50,39.20,0.00,0.00,0.00,271.48

12Z 28May2015,72274,3.26,40.00,2.50,45.00,0.00,0.00,0.00,268.57

12Z 29May2015,72274,7.33,29.99,11.50,36.40,0.00,0.00,0.00,269.06

12Z 30May2015,72274,6.57,28.98,12.70,37.20,0.00,0.00,0.00,270.76

12Z 01Jun2015,72274,4.96,30.98,18.90,40.60,0.00,0.00,0.00,266.22

12Z 02Jun2015,72274,6.16,25.99,-1.30,38.60,0.00,0.00,0.00,268.28

12Z 03Jun2015,72274,11.66,35.99,-18.50,26.40,0.00,0.00,0.00,263.72

12Z 04Jun2015,72274,9.06,37.00,-9.90,31.60,0.00,0.00,0.00,260.83

12Z 05Jun2015,72274,-0.30,180.20,35.30,49.40,38.56,0.29,0.35,280.49

12Z 06Jun2015,72274,0.54,159.40,31.10,48.80,15.70,0.08,0.13,278.65

12Z 07Jun2015,72274,3.57,112.78,18.90,43.00,0.00,0.00,0.00,276.19

12Z 08Jun2015,72274,5.13,43.21,23.30,40.40,0.00,0.00,0.00,271.69

12Z 09Jun2015,72274,1.41,223.79,32.50,41.80,104.44,4.83,5.99,290.18

12Z 10Jun2015,72274,-1.35,226.41,35.00,45.30,605.81,14.25,21.13,291.32

12Z 11Jun2015,72274,1.38,216.78,4.30,42.80,83.10,0.90,2.14,286.56

12Z 12Jun2015,72274,7.50,62.81,24.30,35.80,0.00,0.00,0.00,270.91
Can'tget12Z 13Jun2015.

12Z 14Jun2015,72274,3.14,83.80,23.90,44.00,0.00,0.00,0.00,275.54

12Z 15Jun2015,72274,1.80,93.99,25.70,46.40,0.00,0.00,0.00,274.46

12Z 16Jun2015,72274,1.11,39.00,24.10,48.20,0.00,0.00,0.00,274.18

12Z 17Jun2015,72274,0.02,102.18,23.50,49.80,12.68,2.46,3.96,278.70

12Z 18Jun2015,72274,2.89,68.82,18.70,44.60,0.00,0.00,0.00,269.76

12Z 19Jun2015,72274,6.32,38.01,11.10,37.60,0.00,0.00,0.00,268.05

12Z 20Jun2015,72274,11.73,29.99,-5.50,22.40,0.00,0.00,0.00,265.20

12Z 21Jun2015,72274,-0.08,171.21,14.90,46.60,397.66,43.35,51.51,283.37

12Z 22Jun2015,72274,-2.42,241.41,17.50,51.60,322.97,26.19,32.52,283.53

12Z 23Jun2015,72274,0.19,132.21,21.50,48.80,11.37,0.03,1.50,278.56

12Z 24Jun2015,72274,3.00,53.00,23.70,44.40,0.00,0.00,0.00,271.18

12Z 25Jun2015,72274,-3.07,260.78,34.30,52.80,240.38,14.05,16.81,283.16

12Z 26Jun2015,72274,-3.20,254.41,29.90,52.40,526.17,34.49,38.55,286.64

12Z 27Jun2015,72274,-1.90,216.00,32.30,50.60,285.37,10.39,12.07,286.52

12Z 28Jun2015,72274,-1.68,204.59,35.10,49.60,430.49,14.75,17.42,286.10

12Z 29Jun2015,72274,-0.33,158.20,33.30,48.40,424.91,20.64,26.37,285.99

12Z 30Jun2015,72274,-4.13,326.39,43.60,52.60,1121.33,38.84,40.95,287.34

12Z 01Jul2015,72274,-0.51,201.20,35.10,48.00,522.78,23.51,27.84,288.28

12Z 02Jul2015,72274,-1.42,212.98,37.30,47.20,982.62,140.67,157.90,289.01

12Z 03Jul2015,72274,0.15,178.60,36.60,46.60,163.74,70.32,92.71,284.12

12Z 04Jul2015,72274,0.56,124.19,35.70,47.20,2.19,0.08,0.44,280.58

12Z 05Jul2015,72274,-2.06,200.01,41.40,48.60,471.03,30.40,34.58,286.66

12Z 06Jul2015,72274,-0.85,195.99,39.80,46.80,926.28,233.42,267.35,289.72

12Z 07Jul2015,72274,-2.28,218.18,31.70,50.20,1165.83,128.89,144.64,288.21

12Z 08Jul2015,72274,-1.78,206.98,35.30,51.60,117.18,6.68,9.73,281.86

12Z 09Jul2015,72274,-1.25,362.57,34.10,47.40,605.87,16.56,20.57,286.44

12Z 10Jul2015,72274,-3.25,417.17,40.40,50.60,781.06,14.40,17.58,286.56

12Z 11Jul2015,72274,-1.94,226.59,38.70,48.40,715.89,16.18,19.04,286.63

12Z 12Jul2015,72274,1.67,148.79,34.80,44.40,0.00,0.00,0.00,281.42

12Z 13Jul2015,72274,-0.81,167.80,33.10,49.40,162.49,26.73,31.33,283.44

12Z 14Jul2015,72274,-0.24,154.60,36.30,48.00,86.27,2.29,3.58,283.71

12Z 15Jul2015,72274,-1.96,212.41,39.40,51.80,35.85,2.29,3.22,281.22

12Z 16Jul2015,72274,-1.25,157.58,38.00,49.40,165.11,9.77,12.46,282.60

12Z 17Jul2015,72274,-0.56,134.39,36.70,49.00,447.63,135.70,146.72,285.53

12Z 18Jul2015,72274,-3.82,261.00,39.50,52.00,771.33,82.44,93.74,288.70

12Z 19Jul2015,72274,-0.61,183.80,36.80,46.30,293.44,28.88,34.02,289.54

12Z 20Jul2015,72274,-1.74,232.61,35.70,47.00,758.82,48.47,55.24,288.76

12Z 21Jul2015,72274,0.10,168.41,28.90,46.40,547.22,48.45,65.08,287.59

12Z 22Jul2015,72274,0.67,154.81,37.10,45.80,59.60,36.58,83.70,283.61

12Z 23Jul2015,72274,-1.85,184.79,40.30,48.60,500.22,7080.47,7796.55,287.61

12Z 24Jul2015,72274,-0.32,188.41,38.10,45.60,717.39,3924.14,4358.83,290.67

12Z 25Jul2015,72274,1.11,164.98,36.90,45.20,161.46,39.93,51.35,285.75

12Z 26Jul2015,72274,6.72,41.19,23.10,37.00,75.64,10.67,11.37,271.04

12Z 27Jul2015,72274,-0.25,169.61,30.50,47.40,100.46,19.93,24.61,285.04

12Z 28Jul2015,72274,-4.25,270.39,39.70,52.00,850.88,643.26,705.16,287.08

12Z 29Jul2015,72274,-0.31,156.60,37.60,48.20,249.75,51.04,57.64,287.26

12Z 30Jul2015,72274,1.35,173.79,32.10,44.40,59.64,0.67,2.41,286.18

12Z 01Aug2015,72274,-1.51,212.61,35.30,50.00,200.72,13.36,17.86,286.03

12Z 02Aug2015,72274,-0.91,155.19,39.50,49.00,258.67,21.13,26.91,285.76

12Z 03Aug2015,72274,0.34,134.01,33.70,47.40,97.27,8.24,18.67,282.73

12Z 04Aug2015,72274,3.19,120.18,28.50,42.80,136.63,106.97,143.01,282.90

12Z 05Aug2015,72274,3.54,127.81,27.50,42.20,0.00,0.00,0.00,277.01

12Z 06Aug2015,72274,-1.96,214.60,41.30,51.00,459.08,20.15,22.63,285.43

12Z 07Aug2015,72274,-3.87,279.19,41.40,51.80,987.06,734.10,817.93,287.95

12Z 08Aug2015,72274,-2.24,231.00,38.80,47.30,398.06,7.16,9.48,289.33

12Z 09Aug2015,72274,-0.50,167.99,39.70,47.80,530.28,103.86,130.38,287.33

12Z 10Aug2015,72274,-1.05,191.78,38.60,47.00,221.95,13.62,15.78,288.85

12Z 11Aug2015,72274,-4.13,293.78,37.10,53.40,1383.09,270.40,293.49,288.33

12Z 12Aug2015,72274,-1.03,186.42,34.70,50.00,86.57,15.06,24.01,284.68

12Z 13Aug2015,72274,1.85,126.01,27.70,45.40,34.07,5.04,18.48,283.93

12Z 14Aug2015,72274,-2.21,222.39,35.50,52.60,94.87,7.33,8.88,280.89

12Z 15Aug2015,72274,0.05,137.19,33.30,48.40,117.24,75.03,138.01,282.11

12Z 16Aug2015,72274,-2.16,207.21,38.70,50.20,671.96,25.21,28.38,286.28

12Z 17Aug2015,72274,-5.34,316.80,43.30,54.40,1421.32,49.46,52.87,288.04

12Z 18Aug2015,72274,-0.52,190.20,37.70,46.80,558.69,19.79,25.55,287.82

12Z 19Aug2015,72274,2.39,153.78,20.90,43.00,145.47,30.14,43.48,283.57

12Z 20Aug2015,72274,-2.69,219.99,18.50,50.00,1243.00,209.84,241.94,287.69

12Z 21Aug2015,72274,-4.32,278.81,33.90,52.00,1839.07,338.19,373.52,289.70

12Z 22Aug2015,72274,-4.54,267.19,35.70,51.20,1967.83,1006.39,1118.28,289.61

12Z 23Aug2015,72274,-1.30,171.99,33.70,49.40,133.22,4.63,7.11,286.35

12Z 24Aug2015,72274,-2.22,211.78,35.90,51.00,448.65,13.92,15.68,285.70

12Z 25Aug2015,72274,-0.36,191.20,36.40,47.00,84.27,2.81,3.39,287.05

12Z 26Aug2015,72274,-3.76,282.21,38.30,52.40,696.80,47.39,55.31,287.79

12Z 27Aug2015,72274,-0.83,143.37,34.50,49.60,462.51,147.05,174.52,286.75

12Z 28Aug2015,72274,-0.36,159.38,32.90,47.40,217.03,19.16,25.66,286.28

12Z 29Aug2015,72274,-0.56,135.37,35.30,49.20,44.08,14.24,36.34,282.30

12Z 30Aug2015,72274,-0.46,146.98,33.50,49.00,58.38,4.09,4.95,282.41

12Z 01Sep2015,72274,-2.14,195.61,39.60,48.80,162.34,5.12,7.34,287.50

12Z 02Sep2015,72274,-4.29,290.01,42.60,54.60,992.94,76.01,81.71,286.02

12Z 03Sep2015,72274,-2.42,217.59,38.80,51.00,696.83,94.12,102.49,285.61

12Z 04Sep2015,72274,0.21,193.60,34.10,45.60,88.07,22.56,30.95,287.99

12Z 05Sep2015,72274,-0.78,213.01,37.40,46.60,486.10,9.97,11.33,289.60

12Z 06Sep2015,72274,-0.89,180.81,37.80,48.20,267.95,9.57,12.33,287.18

12Z 07Sep2015,72274,-3.12,243.19,39.10,52.00,267.78,168.02,194.99,286.41

12Z 08Sep2015,72274,-2.63,238.01,39.30,51.60,432.73,47.27,54.11,285.94

12Z 09Sep2015,72274,1.57,164.20,33.50,43.80,0.00,0.00,0.00,284.51

12Z 10Sep2015,72274,0.70,153.00,33.30,46.60,432.13,91.69,102.93,287.88

12Z 11Sep2015,72274,1.33,142.39,34.80,45.20,457.50,94.28,110.88,289.24

12Z 12Sep2015,72274,-4.94,319.61,39.50,55.40,816.79,117.92,133.98,287.41

12Z 13Sep2015,72274,-3.58,271.00,35.10,55.20,474.99,116.62,129.69,284.28

12Z 14Sep2015,72274,0.41,163.38,36.30,46.40,52.30,2.40,4.18,285.39

12Z 15Sep2015,72274,-1.72,379.47,37.80,46.40,1217.05,35.55,42.66,289.95

12Z 16Sep2015,72274,0.01,257.98,30.30,42.20,977.58,15.75,20.86,290.47

12Z 17Sep2015,72274,0.80,219.21,22.70,42.20,156.07,2.74,3.63,286.97

12Z 18Sep2015,72274,2.84,144.60,24.50,42.40,0.00,0.00,0.00,282.73

12Z 19Sep2015,72274,1.18,104.20,33.50,46.80,0.00,0.00,0.00,278.30

12Z 20Sep2015,72274,1.10,150.39,31.70,45.00,21.46,0.48,0.72,285.12

12Z 21Sep2015,72274,-2.20,227.18,32.70,48.20,405.01,11.87,13.59,288.92

12Z 22Sep2015,72274,0.89,233.21,36.40,43.10,304.64,2.89,4.70,289.75

12Z 23Sep2015,72274,0.30,192.60,29.10,44.60,852.30,51.34,63.12,290.24

12Z 24Sep2015,72274,1.17,183.19,33.70,43.20,195.38,20.76,33.60,288.02

12Z 25Sep2015,72274,10.78,79.00,11.70,29.20,0.00,0.00,0.00,270.91

12Z 26Sep2015,72274,6.01,177.59,22.10,36.60,0.00,0.00,0.00,280.59

12Z 27Sep2015,72274,6.37,90.81,14.50,37.20,0.00,0.00,0.00,276.31

12Z 28Sep2015,72274,2.33,156.39,29.50,42.60,0.00,0.00,0.00,284.08

12Z 29Sep2015,72274,3.53,99.87,25.30,42.00,0.00,0.00,0.00,280.12

12Z 30Sep2015,72274,4.69,104.98,24.50,40.00,0.00,0.00,0.00,277.24

12Z 01Oct2015,72274,7.38,54.41,19.50,35.60,0.00,0.00,0.00,274.42

12Z 02Oct2015,72274,6.73,75.01,21.50,37.00,0.00,0.00,0.00,275.65

12Z 03Oct2015,72274,1.22,138.99,28.10,47.20,9.55,0.07,0.14,279.37

12Z 04Oct2015,72274,1.23,189.41,35.80,44.80,73.28,0.72,1.10,282.74

12Z 05Oct2015,72274,-1.69,222.61,36.40,50.20,626.75,7.33,8.78,285.34

12Z 06Oct2015,72274,1.35,247.57,30.20,45.70,167.61,3.37,4.33,282.99

12Z 07Oct2015,72274,-1.76,215.80,33.90,52.10,756.34,31.09,34.06,286.06

12Z 08Oct2015,72274,0.00,148.40,30.30,50.20,0.95,0.01,0.04,281.49

12Z 09Oct2015,72274,1.84,158.62,33.10,45.80,42.95,2.39,2.79,280.00

12Z 10Oct2015,72274,1.50,185.59,20.90,45.20,0.00,0.00,0.00,281.36

12Z 11Oct2015,72274,1.26,135.80,36.30,45.80,0.00,0.00,0.00,281.73

12Z 12Oct2015,72274,1.46,139.78,28.10,45.40,0.00,0.00,0.00,283.12

12Z 13Oct2015,72274,2.99,153.00,26.50,42.00,0.00,0.00,0.00,283.31

12Z 14Oct2015,72274,2.82,119.99,26.90,43.80,0.00,0.00,0.00,281.32

12Z 15Oct2015,72274,-0.27,108.18,28.30,50.40,0.00,0.00,0.00,277.61

12Z 16Oct2015,72274,-0.25,150.61,34.10,49.60,1.55,0.04,0.18,280.19

12Z 17Oct2015,72274,0.98,131.20,30.50,47.80,21.72,0.19,0.23,282.73

12Z 18Oct2015,72274,1.79,133.20,33.00,45.80,100.35,1.99,3.49,283.89

12Z 19Oct2015,72274,-4.97,464.55,26.60,54.10,2042.20,42.03,46.08,288.42

12Z 20Oct2015,72274,-4.31,334.21,20.60,55.30,1514.75,20.39,22.38,285.70

12Z 21Oct2015,72274,-1.28,217.62,35.40,51.50,710.98,23.56,24.82,285.87

12Z 22Oct2015,72274,2.85,110.20,27.30,45.40,8.33,0.08,0.69,282.88

12Z 23Oct2015,72274,-0.36,169.20,25.90,51.60,0.00,0.00,0.00,280.30

12Z 24Oct2015,72274,7.91,84.99,3.90,35.80,0.00,0.00,0.00,278.59

12Z 25Oct2015,72274,5.21,133.39,18.10,39.80,0.00,0.00,0.00,278.30

12Z 26Oct2015,72274,1.91,133.41,32.60,45.80,0.00,0.00,0.00,278.88

12Z 27Oct2015,72274,6.40,81.40,5.30,38.20,0.00,0.00,0.00,278.86

12Z 28Oct2015,72274,5.22,44.79,-4.50,41.20,0.00,0.00,0.00,274.48

12Z 29Oct2015,72274,-3.03,294.81,38.90,55.80,233.34,31.47,36.53,279.49

12Z 30Oct2015,72274,0.40,145.38,32.20,52.00,2.21,0.01,0.04,279.83

12Z 01Nov2015,72274,7.42,48.60,1.10,37.60,0.00,0.00,0.00,275.56

12Z 02Nov2015,72274,7.05,21.00,-7.90,38.00,0.00,0.00,0.00,274.71

12Z 03Nov2015,72274,1.44,269.48,7.90,48.00,0.00,0.00,0.00,276.70

12Z 04Nov2015,72274,-1.27,297.21,35.80,53.30,193.17,0.86,1.14,282.98

12Z 05Nov2015,72274,10.11,127.02,15.90,36.70,0.00,0.00,0.00,275.86

12Z 06Nov2015,72274,11.05,47.98,-18.90,32.20,0.00,0.00,0.00,272.22

12Z 07Nov2015,72274,7.76,34.01,10.50,38.00,0.00,0.00,0.00,273.72

12Z 08Nov2015,72274,8.47,215.51,7.30,35.80,0.00,0.00,0.00,269.90

12Z 09Nov2015,72274,9.53,46.00,-9.10,33.60,0.00,0.00,0.00,268.27

12Z 10Nov2015,72274,7.96,86.01,-4.70,37.80,0.00,0.00,0.00,270.54

12Z 11Nov2015,72274,18.62,98.02,-15.70,19.20,0.00,0.00,0.00,267.46

12Z 12Nov2015,72274,14.84,49.98,-38.10,22.20,0.00,0.00,0.00,264.26

12Z 13Nov2015,72274,12.63,58.00,-23.90,25.80,0.00,0.00,0.00,260.12

12Z 14Nov2015,72274,8.71,57.98,-0.50,34.00,0.00,0.00,0.00,261.21

12Z 15Nov2015,72274,4.03,119.42,31.10,43.80,0.00,0.00,0.00,274.43

12Z 16Nov2015,72274,1.13,314.42,31.60,50.30,126.27,0.73,0.90,279.75

12Z 17Nov2015,72274,10.59,81.99,5.90,36.20,0.00,0.00,0.00,265.74

12Z 18Nov2015,72274,18.09,84.01,-6.50,20.00,0.00,0.00,0.00,267.88

12Z 19Nov2015,72274,15.53,24.98,-34.50,21.60,0.00,0.00,0.00,270.08

12Z 20Nov2015,72274,11.92,30.01,-8.30,28.00,0.00,0.00,0.00,267.13

12Z 21Nov2015,72274,9.54,58.00,-18.30,32.80,0.00,0.00,0.00,269.42

12Z 22Nov2015,72274,9.80,50.00,-0.10,33.00,0.00,0.00,0.00,265.59

12Z 23Nov2015,72274,8.71,40.99,-4.90,34.40,0.00,0.00,0.00,266.36

12Z 24Nov2015,72274,10.20,45.98,-6.30,32.40,0.00,0.00,0.00,267.81

12Z 25Nov2015,72274,7.14,80.01,21.30,37.60,0.00,0.00,0.00,264.20

12Z 26Nov2015,72274,1.71,171.40,7.20,47.30,0.00,0.00,0.00,278.68

12Z 27Nov2015,72274,5.77,118.40,-22.30,43.00,0.00,0.00,0.00,269.74

12Z 28Nov2015,72274,11.16,65.99,-16.50,33.80,0.00,0.00,0.00,267.05

12Z 29Nov2015,72274,10.92,63.99,-17.30,33.20,0.00,0.00,0.00,267.72

12Z 30Nov2015,72274,15.82,61.99,-23.70,24.40,0.00,0.00,0.00,265.71

12Z 01Dec2015,72274,11.65,56.99,-9.90,30.00,0.00,0.00,0.00,262.11

12Z 02Dec2015,72274,12.57,48.99,-27.30,24.60,0.00,0.00,0.00,260.52

12Z 03Dec2015,72274,16.22,53.01,-42.90,10.40,0.00,0.00,0.00,254.71

12Z 04Dec2015,72274,11.87,47.98,-6.30,24.00,0.00,0.00,0.00,256.86

12Z 05Dec2015,72274,8.38,48.00,-4.10,36.00,0.00,0.00,0.00,260.61

12Z 06Dec2015,72274,9.92,62.98,-25.70,31.60,0.00,0.00,0.00,261.34

12Z 07Dec2015,72274,9.74,46.99,-32.30,27.80,0.00,0.00,0.00,259.95

12Z 08Dec2015,72274,10.44,20.01,-27.10,30.20,0.00,0.00,0.00,263.86

12Z 09Dec2015,72274,14.06,24.98,-0.50,22.20,0.00,0.00,0.00,261.92

12Z 10Dec2015,72274,10.89,28.01,-4.50,30.20,0.00,0.00,0.00,264.07

12Z 11Dec2015,72274,9.92,199.35,-1.30,32.00,0.00,0.00,0.00,265.19

12Z 12Dec2015,72274,4.52,80.01,24.70,49.10,0.00,0.00,0.00,276.06

12Z 13Dec2015,72274,17.45,95.01,-28.90,23.00,0.00,0.00,0.00,265.77

12Z 14Dec2015,72274,12.73,242.31,1.70,28.20,0.00,0.00,0.00,263.65

12Z 15Dec2015,72274,13.69,106.00,4.90,31.40,0.00,0.00,0.00,265.66

12Z 16Dec2015,72274,8.44,43.98,-0.70,41.00,0.00,0.00,0.00,264.90

12Z 17Dec2015,72274,13.29,51.01,-15.70,32.20,0.00,0.00,0.00,267.54

12Z 18Dec2015,72274,15.59,39.01,-11.90,18.60,0.00,0.00,0.00,262.95

12Z 19Dec2015,72274,9.36,44.00,-0.90,31.20,0.00,0.00,0.00,259.55

12Z 20Dec2015,72274,8.23,90.00,-9.30,39.00,0.00,0.00,0.00,267.64

12Z 21Dec2015,72274,9.71,82.01,9.00,36.10,0.00,0.00,0.00,274.86

12Z 22Dec2015,72274,11.64,52.99,13.70,32.00,0.00,0.00,0.00,272.72

12Z 23Dec2015,72274,8.66,143.61,24.70,35.70,0.19,0.00,0.00,277.62

12Z 24Dec2015,72274,7.76,165.21,19.90,36.80,54.87,0.34,0.42,280.48

12Z 25Dec2015,72274,3.00,305.37,-4.50,46.80,0.00,0.00,0.00,278.78

12Z 26Dec2015,72274,6.79,86.01,5.90,44.00,0.00,0.00,0.00,259.33

12Z 27Dec2015,72274,11.04,63.00,4.50,36.60,0.00,0.00,0.00,260.38

12Z 28Dec2015,72274,14.30,61.99,-2.10,29.00,0.00,0.00,0.00,265.75

12Z 29Dec2015,72274,7.33,48.00,4.50,42.60,0.00,0.00,0.00,263.94

12Z 30Dec2015,72274,14.25,58.97,-6.30,30.20,0.00,0.00,0.00,270.21
